topology,seed,gen,prefix,suffix,core
star,0,0,True,True,1.0
star,0,1,True,True,1.0
star,0,1,True,True,1.0
star,0,1,True,True,1.0
star,0,1,True,True,1.0
star,0,1,True,True,1.0
star,0,1,True,True,1.0
star,0,1,True,True,1.0
star,0,0,True,False,1.0
star,0,1,True,False,1.0
star,0,1,True,False,1.0
star,0,1,True,False,1.0
star,0,1,True,False,1.0
star,0,1,True,False,1.0
star,0,1,True,False,1.0
star,0,1,True,False,1.0
star,0,2,True,False,1.0
star,0,2,True,True,1.0
star,0,2,True,True,1.0
star,0,2,True,True,1.0
star,0,2,True,True,1.0
star,0,2,True,True,1.0
star,0,2,True,True,1.0
star,0,3,True,True,1.0
star,0,3,True,True,1.0
star,0,3,True,True,1.0
star,0,3,True,True,1.0
star,0,3,True,True,1.0
star,0,3,True,True,1.0
star,0,3,True,True,1.0
star,0,2,True,False,1.0
star,0,2,True,True,1.0
star,0,2,True,False,1.0
star,0,2,True,True,1.0
star,0,2,True,True,1.0
star,0,2,True,True,1.0
star,0,2,True,False,1.0
star,0,3,True,False,1.0
star,0,3,True,False,1.0
star,0,3,True,False,1.0
star,0,3,True,False,1.0
star,0,3,True,False,1.0
star,0,3,True,False,1.0
star,0,3,True,False,1.0
star,0,4,True,False,1.0
star,0,4,True,True,1.0
star,0,4,True,False,1.0
star,0,4,True,True,1.0
star,0,4,True,True,1.0
star,0,4,True,True,1.0
star,0,4,True,False,1.0
star,0,5,True,False,1.0
star,0,5,True,False,1.0
star,0,5,True,False,1.0
star,0,5,True,False,1.0
star,0,5,True,False,1.0
star,0,5,True,False,1.0
star,0,5,True,False,1.0
star,0,4,True,False,1.0
star,0,4,True,False,1.0
star,0,4,True,False,1.0
star,0,4,True,True,1.0
star,0,4,True,False,1.0
star,0,4,True,False,1.0
star,0,4,True,False,1.0
star,0,5,True,False,1.0
star,0,5,True,False,1.0
star,0,5,True,False,1.0
star,0,5,True,False,1.0
star,0,5,True,False,1.0
star,0,5,True,False,1.0
star,0,5,True,False,1.0
star,0,6,True,False,1.0
star,0,6,True,False,1.0
star,0,6,True,False,1.0
star,0,6,True,False,1.0
star,0,6,True,False,1.0
star,0,6,True,False,1.0
star,0,6,True,False,1.0
star,0,7,True,False,1.0
star,0,7,True,False,1.0
star,0,7,True,False,1.0
star,0,7,True,False,1.0
star,0,7,True,False,1.0
star,0,7,True,False,1.0
star,0,7,True,False,1.0
star,0,6,True,False,1.0
star,0,6,True,False,1.0
star,0,6,True,False,1.0
star,0,6,True,False,1.0
star,0,6,True,False,1.0
star,0,6,True,False,1.0
star,0,6,True,False,1.0
star,0,7,True,False,1.0
star,0,7,True,False,1.0
star,0,7,True,False,1.0
star,0,7,True,False,1.0
star,0,7,True,False,1.0
star,0,7,True,False,1.0
star,0,7,True,False,1.0
star,0,8,True,False,1.0
star,0,8,True,False,1.0
star,0,8,True,False,1.0
star,0,8,True,False,1.0
star,0,8,True,False,1.0
star,0,8,True,False,1.0
star,0,8,True,False,1.0
star,0,9,True,False,1.0
star,0,9,True,False,1.0
star,0,9,True,False,1.0
star,0,9,True,False,1.0
star,0,9,True,False,1.0
star,0,9,True,False,1.0
star,0,9,True,False,1.0
star,0,8,True,False,1.0
star,0,8,True,False,1.0
star,0,8,True,False,1.0
star,0,8,True,False,1.0
star,0,8,True,False,1.0
star,0,8,True,False,1.0
star,0,8,True,False,1.0
star,1,0,True,True,1.0
star,1,1,True,False,1.0
star,1,1,True,False,1.0
star,1,1,True,False,1.0
star,1,1,True,False,1.0
star,1,1,True,False,1.0
star,1,1,True,False,1.0
star,1,1,True,False,1.0
star,1,0,True,False,1.0
star,1,1,True,False,1.0
star,1,1,True,False,1.0
star,1,1,True,False,1.0
star,1,1,True,False,1.0
star,1,1,True,False,1.0
star,1,1,True,False,1.0
star,1,1,True,False,1.0
star,1,2,True,False,1.0
star,1,2,True,False,1.0
star,1,2,True,False,1.0
star,1,2,True,False,1.0
star,1,2,True,False,1.0
star,1,2,True,False,1.0
star,1,2,True,False,1.0
star,1,3,True,False,1.0
star,1,3,True,False,1.0
star,1,3,True,False,1.0
star,1,3,True,False,1.0
star,1,3,True,False,1.0
star,1,3,True,False,1.0
star,1,3,True,False,1.0
star,1,2,True,False,1.0
star,1,2,True,False,1.0
star,1,2,True,False,1.0
star,1,2,True,False,1.0
star,1,2,True,False,1.0
star,1,2,True,False,1.0
star,1,2,True,False,1.0
star,1,3,True,False,1.0
star,1,3,True,False,1.0
star,1,3,True,False,1.0
star,1,3,True,False,1.0
star,1,3,True,False,1.0
star,1,3,True,False,1.0
star,1,3,True,False,1.0
star,1,4,True,False,1.0
star,1,4,True,False,1.0
star,1,4,True,False,1.0
star,1,4,True,False,1.0
star,1,4,True,False,1.0
star,1,4,True,False,1.0
star,1,4,True,False,1.0
star,1,5,True,False,1.0
star,1,5,True,False,1.0
star,1,5,True,False,1.0
star,1,5,True,False,1.0
star,1,5,True,False,1.0
star,1,5,True,False,1.0
star,1,5,True,False,1.0
star,1,4,True,False,1.0
star,1,4,True,False,1.0
star,1,4,True,False,1.0
star,1,4,True,False,1.0
star,1,4,True,False,1.0
star,1,4,True,False,1.0
star,1,4,True,False,1.0
star,1,5,True,False,1.0
star,1,5,True,False,1.0
star,1,5,True,False,1.0
star,1,5,True,False,1.0
star,1,5,True,False,1.0
star,1,5,True,False,1.0
star,1,5,True,False,1.0
star,1,6,True,False,1.0
star,1,6,True,False,1.0
star,1,6,True,False,1.0
star,1,6,True,False,1.0
star,1,6,True,False,1.0
star,1,6,True,False,1.0
star,1,6,True,False,1.0
star,1,7,True,False,1.0
star,1,7,True,False,1.0
star,1,7,True,False,1.0
star,1,7,True,False,1.0
star,1,7,True,False,1.0
star,1,7,True,False,1.0
star,1,7,True,False,1.0
star,1,6,True,False,1.0
star,1,6,True,False,1.0
star,1,6,True,False,1.0
star,1,6,True,False,1.0
star,1,6,True,False,1.0
star,1,6,True,False,1.0
star,1,6,True,False,1.0
star,1,7,True,False,1.0
star,1,7,True,False,1.0
star,1,7,True,False,1.0
star,1,7,True,False,1.0
star,1,7,True,False,1.0
star,1,7,True,False,1.0
star,1,7,True,False,1.0
star,1,8,True,False,1.0
star,1,8,True,False,1.0
star,1,8,True,False,1.0
star,1,8,True,False,1.0
star,1,8,True,False,1.0
star,1,8,True,False,1.0
star,1,8,True,False,1.0
star,1,9,True,False,1.0
star,1,9,True,False,1.0
star,1,9,True,False,1.0
star,1,9,True,False,1.0
star,1,9,True,False,1.0
star,1,9,True,False,1.0
star,1,9,True,False,1.0
star,1,8,True,False,1.0
star,1,8,True,False,1.0
star,1,8,True,False,1.0
star,1,8,True,False,1.0
star,1,8,True,False,1.0
star,1,8,True,False,1.0
star,1,8,True,False,1.0
star,2,0,True,True,1.0
star,2,1,True,False,1.0
star,2,1,True,False,1.0
star,2,1,True,False,1.0
star,2,1,True,False,1.0
star,2,1,True,False,1.0
star,2,1,True,False,1.0
star,2,1,True,False,1.0
star,2,0,True,False,1.0
star,2,1,True,False,1.0
star,2,1,True,False,1.0
star,2,1,True,False,1.0
star,2,1,True,False,1.0
star,2,1,True,False,1.0
star,2,1,True,False,1.0
star,2,1,True,False,1.0
star,2,2,True,False,1.0
star,2,2,True,False,1.0
star,2,2,True,False,1.0
star,2,2,True,False,1.0
star,2,2,True,False,1.0
star,2,2,True,False,1.0
star,2,2,True,False,1.0
star,2,3,True,False,1.0
star,2,3,True,False,1.0
star,2,3,True,False,1.0
star,2,3,True,False,1.0
star,2,3,True,False,1.0
star,2,3,True,False,1.0
star,2,3,True,False,1.0
star,2,2,True,False,1.0
star,2,2,True,False,1.0
star,2,2,True,False,1.0
star,2,2,True,False,1.0
star,2,2,True,False,1.0
star,2,2,True,False,1.0
star,2,2,True,False,1.0
star,2,3,True,False,1.0
star,2,3,True,False,1.0
star,2,3,True,False,1.0
star,2,3,True,False,1.0
star,2,3,True,False,1.0
star,2,3,True,False,1.0
star,2,3,True,False,1.0
star,2,4,True,False,1.0
star,2,4,True,False,1.0
star,2,4,True,False,1.0
star,2,4,True,False,1.0
star,2,4,True,False,1.0
star,2,4,True,False,1.0
star,2,4,True,False,1.0
star,2,5,True,False,1.0
star,2,5,True,False,1.0
star,2,5,True,False,1.0
star,2,5,True,False,1.0
star,2,5,True,False,1.0
star,2,5,True,False,1.0
star,2,5,True,False,1.0
star,2,4,True,False,1.0
star,2,4,True,False,1.0
star,2,4,True,False,1.0
star,2,4,True,False,1.0
star,2,4,True,False,1.0
star,2,4,True,False,1.0
star,2,4,True,False,1.0
star,2,5,True,False,1.0
star,2,5,True,False,1.0
star,2,5,True,False,1.0
star,2,5,True,False,1.0
star,2,5,True,False,1.0
star,2,5,True,False,1.0
star,2,5,True,False,1.0
star,2,6,True,False,1.0
star,2,6,True,False,1.0
star,2,6,True,False,1.0
star,2,6,True,False,1.0
star,2,6,True,False,1.0
star,2,6,True,False,1.0
star,2,6,True,False,1.0
star,2,7,True,False,1.0
star,2,7,True,False,1.0
star,2,7,True,False,1.0
star,2,7,True,False,1.0
star,2,7,True,False,1.0
star,2,7,True,False,1.0
star,2,7,True,False,1.0
star,2,6,True,False,1.0
star,2,6,True,False,1.0
star,2,6,True,False,1.0
star,2,6,True,False,1.0
star,2,6,True,False,1.0
star,2,6,True,False,1.0
star,2,6,True,False,1.0
star,2,7,True,False,1.0
star,2,7,True,False,1.0
star,2,7,True,False,1.0
star,2,7,True,False,1.0
star,2,7,True,False,1.0
star,2,7,True,False,1.0
star,2,7,True,False,1.0
star,2,8,True,False,1.0
star,2,8,True,False,1.0
star,2,8,True,False,1.0
star,2,8,True,False,1.0
star,2,8,True,False,1.0
star,2,8,True,False,1.0
star,2,8,True,False,1.0
star,2,9,True,False,1.0
star,2,9,True,False,1.0
star,2,9,True,False,1.0
star,2,9,True,False,1.0
star,2,9,True,False,1.0
star,2,9,True,False,1.0
star,2,9,True,False,1.0
star,2,8,True,False,1.0
star,2,8,True,False,1.0
star,2,8,True,False,1.0
star,2,8,True,False,1.0
star,2,8,True,False,1.0
star,2,8,True,False,1.0
star,2,8,True,False,1.0
star,3,0,True,True,1.0
star,3,1,True,True,1.0
star,3,1,True,True,1.0
star,3,1,True,True,1.0
star,3,1,True,True,1.0
star,3,1,True,True,1.0
star,3,1,True,True,1.0
star,3,1,True,True,1.0
star,3,0,True,False,1.0
star,3,1,True,False,1.0
star,3,1,True,False,1.0
star,3,1,True,False,1.0
star,3,1,True,False,1.0
star,3,1,True,False,1.0
star,3,1,True,False,1.0
star,3,1,True,False,1.0
star,3,2,True,False,1.0
star,3,2,True,False,1.0
star,3,2,True,False,1.0
star,3,2,True,True,1.0
star,3,2,True,False,1.0
star,3,2,True,False,1.0
star,3,2,True,False,1.0
star,3,3,True,False,1.0
star,3,3,True,False,1.0
star,3,3,True,False,1.0
star,3,3,True,False,1.0
star,3,3,True,False,1.0
star,3,3,True,False,1.0
star,3,3,True,False,1.0
star,3,2,True,False,1.0
star,3,2,True,False,1.0
star,3,2,True,False,1.0
star,3,2,True,False,1.0
star,3,2,True,False,1.0
star,3,2,True,False,1.0
star,3,2,True,False,1.0
star,3,3,True,False,1.0
star,3,3,True,False,1.0
star,3,3,True,False,1.0
star,3,3,True,False,1.0
star,3,3,True,False,1.0
star,3,3,True,False,1.0
star,3,3,True,False,1.0
star,3,4,True,False,1.0
star,3,4,True,False,1.0
star,3,4,True,False,1.0
star,3,4,True,False,1.0
star,3,4,True,False,1.0
star,3,4,True,False,1.0
star,3,4,True,False,1.0
star,3,5,True,False,1.0
star,3,5,True,False,1.0
star,3,5,True,False,1.0
star,3,5,True,False,1.0
star,3,5,True,False,1.0
star,3,5,True,False,1.0
star,3,5,True,False,1.0
star,3,4,True,False,1.0
star,3,4,True,False,1.0
star,3,4,True,False,1.0
star,3,4,True,False,1.0
star,3,4,True,False,1.0
star,3,4,True,False,1.0
star,3,4,True,False,1.0
star,3,5,True,False,1.0
star,3,5,True,False,1.0
star,3,5,True,False,1.0
star,3,5,True,False,1.0
star,3,5,True,False,1.0
star,3,5,True,False,1.0
star,3,5,True,False,1.0
star,3,6,True,False,1.0
star,3,6,True,False,1.0
star,3,6,True,False,1.0
star,3,6,True,False,1.0
star,3,6,True,False,1.0
star,3,6,True,False,1.0
star,3,6,True,False,1.0
star,3,7,True,False,1.0
star,3,7,True,False,1.0
star,3,7,True,False,1.0
star,3,7,True,False,1.0
star,3,7,True,False,1.0
star,3,7,True,False,1.0
star,3,7,True,False,1.0
star,3,6,True,False,1.0
star,3,6,True,False,1.0
star,3,6,True,False,1.0
star,3,6,True,False,1.0
star,3,6,True,False,1.0
star,3,6,True,False,1.0
star,3,6,True,False,1.0
star,3,7,True,False,1.0
star,3,7,True,False,1.0
star,3,7,True,False,1.0
star,3,7,True,False,1.0
star,3,7,True,False,1.0
star,3,7,True,False,1.0
star,3,7,True,False,1.0
star,3,8,True,False,1.0
star,3,8,True,False,1.0
star,3,8,True,False,1.0
star,3,8,True,False,1.0
star,3,8,True,False,1.0
star,3,8,True,False,1.0
star,3,8,True,False,1.0
star,3,9,True,False,1.0
star,3,9,True,False,1.0
star,3,9,True,False,1.0
star,3,9,True,False,1.0
star,3,9,True,False,1.0
star,3,9,True,False,1.0
star,3,9,True,False,1.0
star,3,8,True,False,1.0
star,3,8,True,False,1.0
star,3,8,True,False,1.0
star,3,8,True,False,1.0
star,3,8,True,False,1.0
star,3,8,True,False,1.0
star,3,8,True,False,1.0
star,4,0,True,True,1.0
star,4,1,True,False,1.0
star,4,1,True,False,1.0
star,4,1,True,False,1.0
star,4,1,True,False,1.0
star,4,1,True,False,1.0
star,4,1,True,False,1.0
star,4,1,True,False,1.0
star,4,0,True,False,1.0
star,4,1,True,False,1.0
star,4,1,True,False,1.0
star,4,1,True,False,1.0
star,4,1,True,False,1.0
star,4,1,True,False,1.0
star,4,1,True,False,1.0
star,4,1,True,False,1.0
star,4,2,True,False,1.0
star,4,2,True,False,1.0
star,4,2,True,False,1.0
star,4,2,True,False,1.0
star,4,2,True,False,1.0
star,4,2,True,False,1.0
star,4,2,True,False,1.0
star,4,3,True,False,1.0
star,4,3,True,False,1.0
star,4,3,True,False,1.0
star,4,3,True,False,1.0
star,4,3,True,False,1.0
star,4,3,True,False,1.0
star,4,3,True,False,1.0
star,4,2,True,False,1.0
star,4,2,True,False,1.0
star,4,2,True,False,1.0
star,4,2,True,False,1.0
star,4,2,True,False,1.0
star,4,2,True,False,1.0
star,4,2,True,False,1.0
star,4,3,True,False,1.0
star,4,3,True,False,1.0
star,4,3,True,False,1.0
star,4,3,True,False,1.0
star,4,3,True,False,1.0
star,4,3,True,False,1.0
star,4,3,True,False,1.0
star,4,4,True,False,1.0
star,4,4,True,False,1.0
star,4,4,True,False,1.0
star,4,4,True,False,1.0
star,4,4,True,False,1.0
star,4,4,True,False,1.0
star,4,4,True,False,1.0
star,4,5,True,False,1.0
star,4,5,True,False,1.0
star,4,5,True,False,1.0
star,4,5,True,False,1.0
star,4,5,True,False,1.0
star,4,5,True,False,1.0
star,4,5,True,False,1.0
star,4,4,True,False,1.0
star,4,4,True,False,1.0
star,4,4,True,False,1.0
star,4,4,True,False,1.0
star,4,4,True,False,1.0
star,4,4,True,False,1.0
star,4,4,True,False,1.0
star,4,5,True,False,1.0
star,4,5,True,False,1.0
star,4,5,True,False,1.0
star,4,5,True,False,1.0
star,4,5,True,False,1.0
star,4,5,True,False,1.0
star,4,5,True,False,1.0
star,4,6,True,False,1.0
star,4,6,True,False,1.0
star,4,6,True,False,1.0
star,4,6,True,False,1.0
star,4,6,True,False,1.0
star,4,6,True,False,1.0
star,4,6,True,False,1.0
star,4,7,True,False,1.0
star,4,7,True,False,1.0
star,4,7,True,False,1.0
star,4,7,True,False,1.0
star,4,7,True,False,1.0
star,4,7,True,False,1.0
star,4,7,True,False,1.0
star,4,6,True,False,1.0
star,4,6,True,False,1.0
star,4,6,True,False,1.0
star,4,6,True,False,1.0
star,4,6,True,False,1.0
star,4,6,True,False,1.0
star,4,6,True,False,1.0
star,4,7,True,False,1.0
star,4,7,True,False,1.0
star,4,7,True,False,1.0
star,4,7,True,False,1.0
star,4,7,True,False,1.0
star,4,7,True,False,1.0
star,4,7,True,False,1.0
star,4,8,True,False,1.0
star,4,8,True,False,1.0
star,4,8,True,False,1.0
star,4,8,True,False,1.0
star,4,8,True,False,1.0
star,4,8,True,False,1.0
star,4,8,True,False,1.0
star,4,9,True,False,1.0
star,4,9,True,False,1.0
star,4,9,True,False,1.0
star,4,9,True,False,1.0
star,4,9,True,False,1.0
star,4,9,True,False,1.0
star,4,9,True,False,1.0
star,4,8,True,False,1.0
star,4,8,True,False,1.0
star,4,8,True,False,1.0
star,4,8,True,False,1.0
star,4,8,True,False,1.0
star,4,8,True,False,1.0
star,4,8,True,False,1.0
complete,0,0,True,True,1.0
complete,0,0,True,False,1.0
complete,0,1,True,True,1.0
complete,0,1,True,False,1.0
complete,0,1,True,True,1.0
complete,0,1,True,True,1.0
complete,0,1,True,True,1.0
complete,0,1,True,True,1.0
complete,0,1,True,True,1.0
complete,0,2,True,True,1.0
complete,0,2,True,True,1.0
complete,0,2,True,True,1.0
complete,0,2,True,True,1.0
complete,0,2,True,True,1.0
complete,0,2,True,True,1.0
complete,0,2,True,True,1.0
complete,0,2,True,True,1.0
complete,0,3,True,True,1.0
complete,0,3,True,True,1.0
complete,0,3,True,True,1.0
complete,0,3,True,True,1.0
complete,0,3,True,True,1.0
complete,0,3,True,True,1.0
complete,0,3,True,True,1.0
complete,0,3,True,True,1.0
complete,0,4,True,True,1.0
complete,0,4,True,True,1.0
complete,0,4,True,True,1.0
complete,0,4,True,True,1.0
complete,0,4,True,True,1.0
complete,0,4,True,True,1.0
complete,0,4,True,True,1.0
complete,0,5,True,True,1.0
complete,0,5,True,True,1.0
complete,0,5,True,True,1.0
complete,0,5,True,True,1.0
complete,0,5,True,True,1.0
complete,0,5,True,True,1.0
complete,0,5,True,True,1.0
complete,0,5,True,True,1.0
complete,0,6,True,True,1.0
complete,0,6,True,True,1.0
complete,0,6,True,True,1.0
complete,0,6,True,True,1.0
complete,0,6,True,True,1.0
complete,0,6,True,True,1.0
complete,0,6,True,True,1.0
complete,0,6,True,True,1.0
complete,0,7,True,True,1.0
complete,0,7,True,True,1.0
complete,0,7,True,True,1.0
complete,0,7,True,True,1.0
complete,0,7,True,True,1.0
complete,0,7,True,True,1.0
complete,0,7,True,True,1.0
complete,0,7,True,True,1.0
complete,0,8,True,True,1.0
complete,0,8,True,True,1.0
complete,0,8,True,True,1.0
complete,0,8,True,True,1.0
complete,0,8,True,True,1.0
complete,0,8,True,True,1.0
complete,0,8,True,True,1.0
complete,0,8,True,True,1.0
complete,0,9,True,True,1.0
complete,0,9,True,True,1.0
complete,0,9,True,True,1.0
complete,0,9,True,True,1.0
complete,0,9,True,True,1.0
complete,0,9,True,True,1.0
complete,0,9,True,True,1.0
complete,0,9,True,True,1.0
complete,1,0,True,True,1.0
complete,1,0,True,False,1.0
complete,1,1,True,False,1.0
complete,1,1,True,False,1.0
complete,1,1,True,True,1.0
complete,1,1,True,False,1.0
complete,1,1,True,False,1.0
complete,1,1,True,True,1.0
complete,1,1,True,False,1.0
complete,1,2,True,False,1.0
complete,1,2,True,False,1.0
complete,1,2,True,False,1.0
complete,1,2,True,True,1.0
complete,1,2,True,False,1.0
complete,1,2,True,False,1.0
complete,1,2,True,True,1.0
complete,1,2,True,False,1.0
complete,1,3,True,False,1.0
complete,1,3,True,True,1.0
complete,1,3,True,False,1.0
complete,1,3,True,False,1.0
complete,1,3,True,False,1.0
complete,1,3,True,False,1.0
complete,1,3,True,True,1.0
complete,1,3,True,False,1.0
complete,1,4,True,False,1.0
complete,1,4,True,True,1.0
complete,1,4,True,False,1.0
complete,1,4,True,False,1.0
complete,1,4,True,False,1.0
complete,1,4,True,False,1.0
complete,1,4,True,False,1.0
complete,1,4,True,False,1.0
complete,1,5,True,False,1.0
complete,1,5,True,False,1.0
complete,1,5,True,False,1.0
complete,1,5,True,False,1.0
complete,1,5,True,False,1.0
complete,1,5,True,False,1.0
complete,1,5,True,False,1.0
complete,1,5,True,False,1.0
complete,1,6,True,False,1.0
complete,1,6,True,False,1.0
complete,1,6,True,False,1.0
complete,1,6,True,False,1.0
complete,1,6,True,False,1.0
complete,1,6,True,False,1.0
complete,1,6,True,False,1.0
complete,1,6,True,False,1.0
complete,1,7,True,False,1.0
complete,1,7,True,False,1.0
complete,1,7,True,False,1.0
complete,1,7,True,False,1.0
complete,1,7,True,False,1.0
complete,1,7,True,False,1.0
complete,1,7,True,False,1.0
complete,1,7,True,False,1.0
complete,1,8,True,False,1.0
complete,1,8,True,False,1.0
complete,1,8,True,False,1.0
complete,1,8,True,False,1.0
complete,1,8,True,False,1.0
complete,1,8,True,False,1.0
complete,1,8,True,False,1.0
complete,1,8,True,False,1.0
complete,1,9,True,False,1.0
complete,1,9,True,False,1.0
complete,1,9,True,False,1.0
complete,1,9,True,False,1.0
complete,1,9,True,False,1.0
complete,1,9,True,False,1.0
complete,1,9,True,False,1.0
complete,1,9,True,False,1.0
complete,2,0,True,True,1.0
complete,2,0,True,False,1.0
complete,2,1,True,True,1.0
complete,2,1,True,True,1.0
complete,2,1,True,True,1.0
complete,2,1,True,True,1.0
complete,2,1,True,True,1.0
complete,2,1,True,True,1.0
complete,2,1,True,True,1.0
complete,2,2,True,True,1.0
complete,2,2,True,True,1.0
complete,2,2,True,True,1.0
complete,2,2,True,True,1.0
complete,2,2,True,True,1.0
complete,2,2,True,True,1.0
complete,2,2,True,True,1.0
complete,2,2,True,True,1.0
complete,2,3,True,True,1.0
complete,2,3,True,True,1.0
complete,2,3,True,True,1.0
complete,2,3,True,True,1.0
complete,2,3,True,True,1.0
complete,2,3,True,True,1.0
complete,2,3,True,True,1.0
complete,2,3,True,True,1.0
complete,2,4,True,True,1.0
complete,2,4,True,True,1.0
complete,2,4,True,True,1.0
complete,2,4,True,True,1.0
complete,2,4,True,True,1.0
complete,2,4,True,True,1.0
complete,2,4,True,True,1.0
complete,2,4,True,True,1.0
complete,2,5,True,True,1.0
complete,2,5,True,True,1.0
complete,2,5,True,True,1.0
complete,2,5,True,True,1.0
complete,2,5,True,True,1.0
complete,2,5,True,True,1.0
complete,2,5,True,True,1.0
complete,2,5,True,True,1.0
complete,2,6,True,True,1.0
complete,2,6,True,True,1.0
complete,2,6,True,True,1.0
complete,2,6,True,True,1.0
complete,2,6,True,True,1.0
complete,2,6,True,True,1.0
complete,2,6,True,True,1.0
complete,2,6,True,True,1.0
complete,2,7,True,True,1.0
complete,2,7,True,True,1.0
complete,2,7,True,True,1.0
complete,2,7,True,True,1.0
complete,2,7,True,True,1.0
complete,2,7,True,True,1.0
complete,2,7,True,True,1.0
complete,2,7,True,True,1.0
complete,2,8,True,True,1.0
complete,2,8,True,True,1.0
complete,2,8,True,True,1.0
complete,2,8,True,True,1.0
complete,2,8,True,True,1.0
complete,2,8,True,True,1.0
complete,2,8,True,True,1.0
complete,2,8,True,True,1.0
complete,2,9,True,True,1.0
complete,2,9,True,True,1.0
complete,2,9,True,True,1.0
complete,2,9,True,True,1.0
complete,2,9,True,True,1.0
complete,2,9,True,True,1.0
complete,2,9,True,True,1.0
complete,2,9,True,True,1.0
complete,3,0,True,True,1.0
complete,3,0,True,False,1.0
complete,3,1,True,False,1.0
complete,3,1,True,True,1.0
complete,3,1,True,False,1.0
complete,3,1,True,True,1.0
complete,3,1,True,True,1.0
complete,3,1,True,False,1.0
complete,3,2,True,False,1.0
complete,3,2,True,False,1.0
complete,3,2,True,True,1.0
complete,3,2,True,True,1.0
complete,3,2,True,True,1.0
complete,3,2,True,True,1.0
complete,3,2,True,False,1.0
complete,3,2,True,False,1.0
complete,3,3,True,True,1.0
complete,3,3,True,False,1.0
complete,3,3,True,True,1.0
complete,3,3,True,True,1.0
complete,3,3,True,True,1.0
complete,3,3,True,True,1.0
complete,3,3,True,False,1.0
complete,3,3,True,False,1.0
complete,3,4,True,True,1.0
complete,3,4,True,True,1.0
complete,3,4,True,True,1.0
complete,3,4,True,True,1.0
complete,3,4,True,True,1.0
complete,3,4,True,True,1.0
complete,3,4,True,True,1.0
complete,3,4,True,True,1.0
complete,3,5,True,True,1.0
complete,3,5,True,True,1.0
complete,3,5,True,True,1.0
complete,3,5,True,True,1.0
complete,3,5,True,True,1.0
complete,3,5,True,True,1.0
complete,3,5,True,True,1.0
complete,3,5,True,True,1.0
complete,3,6,True,True,1.0
complete,3,6,True,True,1.0
complete,3,6,True,True,1.0
complete,3,6,True,True,1.0
complete,3,6,True,True,1.0
complete,3,6,True,True,1.0
complete,3,6,True,True,1.0
complete,3,6,True,True,1.0
complete,3,7,True,True,1.0
complete,3,7,True,True,1.0
complete,3,7,True,True,1.0
complete,3,7,True,True,1.0
complete,3,7,True,True,1.0
complete,3,7,True,True,1.0
complete,3,7,True,True,1.0
complete,3,7,True,True,1.0
complete,3,8,True,True,1.0
complete,3,8,True,True,1.0
complete,3,8,True,True,1.0
complete,3,8,True,True,1.0
complete,3,8,True,True,1.0
complete,3,8,True,True,1.0
complete,3,8,True,True,1.0
complete,3,8,True,True,1.0
complete,3,9,True,True,1.0
complete,3,9,True,True,1.0
complete,3,9,True,True,1.0
complete,3,9,True,True,1.0
complete,3,9,True,True,1.0
complete,3,9,True,True,1.0
complete,3,9,True,True,1.0
complete,3,9,True,True,1.0
complete,4,0,True,True,1.0
complete,4,0,True,False,1.0
complete,4,1,True,True,1.0
complete,4,1,True,False,1.0
complete,4,1,True,True,1.0
complete,4,1,True,False,1.0
complete,4,1,True,True,1.0
complete,4,1,True,True,1.0
complete,4,1,True,True,1.0
complete,4,2,True,False,1.0
complete,4,2,True,True,1.0
complete,4,2,True,True,1.0
complete,4,2,True,True,1.0
complete,4,2,True,True,1.0
complete,4,2,True,True,1.0
complete,4,2,True,True,1.0
complete,4,2,True,True,1.0
complete,4,3,True,True,1.0
complete,4,3,True,True,1.0
complete,4,3,True,True,1.0
complete,4,3,True,True,1.0
complete,4,3,True,True,1.0
complete,4,3,True,True,1.0
complete,4,3,True,True,1.0
complete,4,3,True,True,1.0
complete,4,4,True,True,1.0
complete,4,4,True,True,1.0
complete,4,4,True,True,1.0
complete,4,4,True,True,1.0
complete,4,4,True,True,1.0
complete,4,4,True,True,1.0
complete,4,4,True,True,1.0
complete,4,4,True,True,1.0
complete,4,5,True,True,1.0
complete,4,5,True,True,1.0
complete,4,5,True,True,1.0
complete,4,5,True,True,1.0
complete,4,5,True,True,1.0
complete,4,5,True,True,1.0
complete,4,5,True,True,1.0
complete,4,5,True,True,1.0
complete,4,6,True,True,1.0
complete,4,6,True,True,1.0
complete,4,6,True,True,1.0
complete,4,6,True,True,1.0
complete,4,6,True,True,1.0
complete,4,6,True,True,1.0
complete,4,6,True,True,1.0
complete,4,6,True,True,1.0
complete,4,7,True,True,1.0
complete,4,7,True,True,1.0
complete,4,7,True,True,1.0
complete,4,7,True,True,1.0
complete,4,7,True,True,1.0
complete,4,7,True,True,1.0
complete,4,7,True,True,1.0
complete,4,7,True,True,1.0
complete,4,8,True,True,1.0
complete,4,8,True,True,1.0
complete,4,8,True,True,1.0
complete,4,8,True,True,1.0
complete,4,8,True,True,1.0
complete,4,8,True,True,1.0
complete,4,8,True,True,1.0
complete,4,8,True,True,1.0
complete,4,9,True,True,1.0
complete,4,9,True,True,1.0
complete,4,9,True,True,1.0
complete,4,9,True,True,1.0
complete,4,9,True,True,1.0
complete,4,9,True,True,1.0
complete,4,9,True,True,1.0
complete,4,9,True,True,1.0
chain,0,0,True,True,1.0
chain,0,0,True,False,1.0
chain,0,1,True,True,1.0
chain,0,0,True,False,1.0
chain,0,1,True,False,1.0
chain,0,2,True,True,1.0
chain,0,0,True,False,1.0
chain,0,1,True,False,1.0
chain,0,2,True,False,1.0
chain,0,3,True,True,1.0
chain,0,0,True,False,1.0
chain,0,1,True,False,1.0
chain,0,2,True,False,1.0
chain,0,3,True,False,1.0
chain,0,4,True,True,1.0
chain,0,0,True,False,1.0
chain,0,1,True,False,1.0
chain,0,2,True,False,1.0
chain,0,3,True,False,1.0
chain,0,4,True,False,1.0
chain,0,5,True,True,1.0
chain,0,0,True,False,1.0
chain,0,1,True,False,1.0
chain,0,2,True,False,1.0
chain,0,3,True,False,1.0
chain,0,4,True,False,1.0
chain,0,5,True,False,1.0
chain,0,6,True,True,1.0
chain,0,0,True,False,1.0
chain,0,1,True,False,1.0
chain,0,2,True,False,1.0
chain,0,3,True,False,1.0
chain,0,4,True,False,1.0
chain,0,5,True,False,1.0
chain,0,6,True,False,1.0
chain,0,0,True,False,1.0
chain,0,1,True,False,1.0
chain,0,2,True,False,1.0
chain,0,3,True,False,1.0
chain,0,4,True,False,1.0
chain,0,5,True,False,1.0
chain,0,6,True,False,1.0
chain,0,0,True,False,1.0
chain,0,1,True,False,1.0
chain,0,2,True,False,1.0
chain,0,3,True,False,1.0
chain,0,4,True,False,1.0
chain,0,5,True,False,1.0
chain,0,6,True,False,1.0
chain,1,0,True,True,1.0
chain,1,0,True,False,1.0
chain,1,1,True,True,1.0
chain,1,0,True,False,1.0
chain,1,1,True,True,1.0
chain,1,2,True,True,1.0
chain,1,0,True,False,1.0
chain,1,1,True,False,1.0
chain,1,2,True,True,1.0
chain,1,3,True,True,1.0
chain,1,0,True,False,1.0
chain,1,1,True,False,1.0
chain,1,2,True,False,1.0
chain,1,3,True,True,1.0
chain,1,4,True,True,1.0
chain,1,0,True,False,1.0
chain,1,1,True,False,1.0
chain,1,2,True,False,1.0
chain,1,3,True,False,1.0
chain,1,4,True,True,1.0
chain,1,5,True,True,1.0
chain,1,0,True,False,1.0
chain,1,1,True,False,1.0
chain,1,2,True,False,1.0
chain,1,3,True,False,1.0
chain,1,4,True,False,1.0
chain,1,5,True,True,1.0
chain,1,6,True,True,1.0
chain,1,0,True,False,1.0
chain,1,1,True,False,1.0
chain,1,2,True,False,1.0
chain,1,3,True,False,1.0
chain,1,4,True,False,1.0
chain,1,5,True,False,1.0
chain,1,6,True,True,1.0
chain,1,0,True,False,1.0
chain,1,1,True,False,1.0
chain,1,2,True,False,1.0
chain,1,3,True,False,1.0
chain,1,4,True,False,1.0
chain,1,5,True,False,1.0
chain,1,6,True,False,1.0
chain,1,0,True,False,1.0
chain,1,1,True,False,1.0
chain,1,2,True,False,1.0
chain,1,3,True,False,1.0
chain,1,4,True,False,1.0
chain,1,5,True,False,1.0
chain,1,6,True,False,1.0
chain,2,0,True,True,1.0
chain,2,0,True,False,1.0
chain,2,1,True,True,1.0
chain,2,0,True,False,1.0
chain,2,1,True,True,1.0
chain,2,2,True,False,1.0
chain,2,0,True,False,1.0
chain,2,1,True,True,1.0
chain,2,2,True,False,1.0
chain,2,3,True,False,1.0
chain,2,0,True,False,1.0
chain,2,1,True,True,1.0
chain,2,2,True,False,1.0
chain,2,3,True,False,1.0
chain,2,4,True,False,1.0
chain,2,0,True,False,1.0
chain,2,1,True,False,1.0
chain,2,2,True,False,1.0
chain,2,3,True,False,1.0
chain,2,4,True,False,1.0
chain,2,5,True,False,1.0
chain,2,0,True,False,1.0
chain,2,1,True,False,1.0
chain,2,2,True,False,1.0
chain,2,3,True,False,1.0
chain,2,4,True,False,1.0
chain,2,5,True,False,1.0
chain,2,6,True,False,1.0
chain,2,0,True,False,1.0
chain,2,1,True,False,1.0
chain,2,2,True,False,1.0
chain,2,3,True,False,1.0
chain,2,4,True,False,1.0
chain,2,5,True,False,1.0
chain,2,6,True,False,1.0
chain,2,0,True,False,1.0
chain,2,1,True,False,1.0
chain,2,2,True,False,1.0
chain,2,3,True,False,1.0
chain,2,4,True,False,1.0
chain,2,5,True,False,1.0
chain,2,6,True,False,1.0
chain,2,0,True,False,1.0
chain,2,1,True,False,1.0
chain,2,2,True,False,1.0
chain,2,3,True,False,1.0
chain,2,4,True,False,1.0
chain,2,5,True,False,1.0
chain,2,6,True,False,1.0
chain,3,0,True,True,1.0
chain,3,0,True,True,1.0
chain,3,1,True,False,1.0
chain,3,0,True,True,1.0
chain,3,1,True,False,1.0
chain,3,2,True,False,1.0
chain,3,0,True,True,1.0
chain,3,1,True,False,1.0
chain,3,2,True,False,1.0
chain,3,3,True,False,1.0
chain,3,0,True,True,1.0
chain,3,1,True,False,1.0
chain,3,2,True,False,1.0
chain,3,3,True,False,1.0
chain,3,4,True,False,1.0
chain,3,0,True,True,1.0
chain,3,1,True,False,1.0
chain,3,2,True,False,1.0
chain,3,3,True,False,1.0
chain,3,4,True,False,1.0
chain,3,5,True,False,1.0
chain,3,0,True,False,1.0
chain,3,1,True,False,1.0
chain,3,2,True,False,1.0
chain,3,3,True,False,1.0
chain,3,4,True,False,1.0
chain,3,5,True,False,1.0
chain,3,6,True,False,1.0
chain,3,0,True,False,1.0
chain,3,1,True,False,1.0
chain,3,2,True,False,1.0
chain,3,3,True,False,1.0
chain,3,4,True,False,1.0
chain,3,5,True,False,1.0
chain,3,6,True,False,1.0
chain,3,0,True,False,1.0
chain,3,1,True,False,1.0
chain,3,2,True,False,1.0
chain,3,3,True,False,1.0
chain,3,4,True,False,1.0
chain,3,5,True,False,1.0
chain,3,6,True,False,1.0
chain,3,0,True,False,1.0
chain,3,1,True,False,1.0
chain,3,2,True,False,1.0
chain,3,3,True,False,1.0
chain,3,4,True,False,1.0
chain,3,5,True,False,1.0
chain,3,6,True,False,1.0
chain,4,0,True,True,1.0
chain,4,0,True,True,1.0
chain,4,1,True,True,1.0
chain,4,0,True,False,1.0
chain,4,1,True,True,1.0
chain,4,2,True,True,1.0
chain,4,0,True,False,1.0
chain,4,1,True,False,1.0
chain,4,2,True,True,1.0
chain,4,3,True,True,1.0
chain,4,0,True,False,1.0
chain,4,1,True,False,1.0
chain,4,2,True,False,1.0
chain,4,3,True,True,1.0
chain,4,4,True,True,1.0
chain,4,0,True,False,1.0
chain,4,1,True,False,1.0
chain,4,2,True,False,1.0
chain,4,3,True,False,1.0
chain,4,4,True,True,1.0
chain,4,5,True,True,1.0
chain,4,0,True,False,1.0
chain,4,1,True,False,1.0
chain,4,2,True,False,1.0
chain,4,3,True,False,1.0
chain,4,4,True,False,1.0
chain,4,5,True,True,1.0
chain,4,6,True,True,1.0
chain,4,0,True,False,1.0
chain,4,1,True,False,1.0
chain,4,2,True,False,1.0
chain,4,3,True,False,1.0
chain,4,4,True,False,1.0
chain,4,5,True,False,1.0
chain,4,6,True,True,1.0
chain,4,0,True,False,1.0
chain,4,1,True,False,1.0
chain,4,2,True,False,1.0
chain,4,3,True,False,1.0
chain,4,4,True,False,1.0
chain,4,5,True,False,1.0
chain,4,6,True,False,1.0
chain,4,0,True,False,1.0
chain,4,1,True,False,1.0
chain,4,2,True,False,1.0
chain,4,3,True,False,1.0
chain,4,4,True,False,1.0
chain,4,5,True,False,1.0
chain,4,6,True,False,1.0
