variant,det,runs,detect_rate,median_t,frac_infected_at_detect,saved
exact,beh,411,1.0,2.0,0.875,0.2362240760050979
exact,lex,411,0.9878345498783455,3.0,1.0,0.17831653342602247
exact,sem,411,1.0,3.0,1.0,0.18581856100104274
full,beh,257,0.9571984435797666,2.0,0.9375,0.10896794515471557
full,lex,257,0.9377431906614786,2.0,1.0,0.08712710765239948
full,sem,257,0.9182879377431906,3.0,1.0,0.066574022605151
wrapper,beh,323,0.9969040247678018,2.0,0.875,0.2385817484888692
wrapper,lex,323,0.9938080495356038,3.0,0.875,0.1769312988353236
wrapper,sem,323,1.0,3.0,0.875,0.16536193424738319
