model,vigilance,topology,variant,seed,attack_rate,r_eff,lex,sem,beh,n_copies,core_fid,wrap_fid,exact_copy_frac,hgt_n_taxa,hgt_r_core_tree,hgt_p_core_tree,hgt_r_wrap_tree,hgt_p_wrap_tree,hgt_disc_index,hgt_r_core_wrap,hgt_coph_core_wrap,hgt_np_disc,hgt_np_informative,hgt_true_mosaic,t_lex,saved_lex,t_sem,saved_sem,t_beh,saved_beh
deepseek/deepseek-v4-pro,2,complete,exact,0,0.125,0.0,10.999973562992146,0.0,0.4918608866536238,0,,,,1,,,,,,,,,,,,0.0,,0.0,,0.0
deepseek/deepseek-v4-pro,2,complete,exact,1,0.125,0.0,20.643623208754267,4.0,0.024112055653715495,0,,,,1,,,,,,,,,,,,0.0,,0.0,,0.0
deepseek/deepseek-v4-pro,2,complete,exact,2,0.125,0.0,22.788526067916248,0.0,1.606703565731029,0,,,,2,,,,,,,,,,,,0.0,,0.0,,0.0
deepseek/deepseek-v4-pro,2,complete,exact,3,0.125,0.0,16.292639191441133,0.0,0.10487846139569441,0,,,,1,,,,,,,,,,,,0.0,,0.0,,0.0
deepseek/deepseek-v4-pro,2,complete,exact,4,0.125,0.0,45.88485996314317,0.0,0.7975201784513938,0,,,,1,,,,,,,,,,,4.0,0.0,,0.0,,0.0
deepseek/deepseek-v4-pro,2,complete,exact,5,0.125,0.0,29.314789114795925,0.0,1.1710635224528543,0,,,,1,,,,,,,,,,,4.0,0.0,,0.0,,0.0
deepseek/deepseek-v4-pro,2,complete,exact,6,0.125,0.0,12.769657935625968,0.0,0.2597668532553491,0,,,,1,,,,,,,,,,,,0.0,,0.0,,0.0
deepseek/deepseek-v4-pro,2,complete,exact,7,0.125,0.0,18.396664855324758,0.0,0.2597668532553491,0,,,,1,,,,,,,,,,,,0.0,,0.0,,0.0
deepseek/deepseek-v4-pro,2,complete,wrapper,0,0.125,0.0,5.284015414974963,0.0,0.2597668532553491,0,,,,1,,,,,,,,,,,,0.0,,0.0,,0.0
deepseek/deepseek-v4-pro,2,complete,wrapper,1,0.125,0.0,31.205354370788772,18.0,6.824988186480232,0,,,,1,,,,,,,,,,,3.0,0.0,5.0,0.0,6.0,0.0
deepseek/deepseek-v4-pro,2,complete,wrapper,2,1.0,0.875,164.35566064440013,65.0,82.5734663707142,63,0.997732426303855,0.7248677248677248,1.0,64,-0.02917912329698481,0.66,0.013058593128989755,0.395,-0.04223771642597456,0.3072680029508577,0.23651628315830092,0.5714285714285714,14.0,,2.0,0.125,2.0,0.125,2.0,0.125
deepseek/deepseek-v4-pro,2,complete,wrapper,3,0.125,0.0,5.3979587672818,0.0,-0.0,0,,,,1,,,,,,,,,,,,0.0,,0.0,,0.0
deepseek/deepseek-v4-pro,2,complete,wrapper,4,0.125,0.0,22.588953713011044,0.0,0.4918608866536238,0,,,,1,,,,,,,,,,,,0.0,,0.0,,0.0
deepseek/deepseek-v4-pro,2,complete,wrapper,5,0.125,0.0,7.067835051291196,0.0,0.2597668532553491,0,,,,1,,,,,,,,,,,,0.0,,0.0,,0.0
deepseek/deepseek-v4-pro,2,complete,wrapper,6,0.125,0.0,16.165060358666626,12.0,1.606703565731029,0,,,,1,,,,,,,,,,,4.0,0.0,5.0,0.0,4.0,0.0
deepseek/deepseek-v4-pro,2,complete,wrapper,7,0.125,0.0,5.2365907650468255,0.0,0.10487846139569441,0,,,,1,,,,,,,,,,,2.0,0.0,,0.0,,0.0
deepseek/deepseek-v4-pro,2,complete,full,0,0.125,0.0,7.030046490401796,0.0,0.4918608866536238,0,,,,1,,,,,,,,,,,,0.0,,0.0,,0.0
deepseek/deepseek-v4-pro,2,complete,full,1,0.125,0.0,33.77419522293193,0.0,0.2597668532553491,0,,,,3,,,,,,,,,,,5.0,0.0,,0.0,,0.0
deepseek/deepseek-v4-pro,2,complete,full,2,0.375,0.6666666666666666,12.547809186009612,5.0,2.0991896340623786,3,0.4920634920634921,0.6666666666666666,0.0,4,,,,,,,,,,,,0.0,,0.0,3.0,0.0
deepseek/deepseek-v4-pro,2,complete,full,3,0.125,0.0,8.813760645459594,0.0,0.7975201784513938,0,,,,2,,,,,,,,,,,,0.0,,0.0,,0.0
deepseek/deepseek-v4-pro,2,complete,full,4,0.125,0.0,16.386909108282982,5.0,0.4918608866536238,0,,,,1,,,,,,,,,,,,0.0,2.0,0.0,,0.0
deepseek/deepseek-v4-pro,2,complete,full,5,0.125,0.0,12.644719199017668,0.0,0.7975201784513938,0,,,,1,,,,,,,,,,,,0.0,,0.0,,0.0
deepseek/deepseek-v4-pro,2,complete,full,6,0.125,0.0,24.813858611950874,0.0,0.4918608866536238,0,,,,1,,,,,,,,,,,5.0,0.0,,0.0,,0.0
deepseek/deepseek-v4-pro,2,complete,full,7,0.125,0.0,18.373183759475236,3.0,0.024112055653715495,0,,,,1,,,,,,,,,,,,0.0,,0.0,,0.0
