topology,seed,attack_rate,r_eff,lex,sem,beh
star,0,1.0,0.875,300.0,120.0,135.47131046073784
star,1,1.0,0.875,300.0,121.0,137.54503571487106
star,2,1.0,0.875,300.0,121.0,137.54503571487106
star,3,1.0,0.875,300.0,120.0,135.47131046073784
star,4,1.0,0.875,218.0820332064836,85.0,71.04936510306756
complete,0,1.0,0.875,186.17635342812804,71.0,54.35396892611614
complete,1,1.0,0.875,144.7733726306101,59.0,36.495172678906016
complete,2,1.0,0.875,141.61270337792934,58.0,35.198862680477184
complete,3,1.0,0.875,164.8997286887504,65.0,44.84617474867891
complete,4,1.0,0.875,186.06720895870296,71.0,54.35396892611614
chain,0,1.0,0.875,109.38899828546857,47.0,43.48343958637774
chain,1,1.0,0.875,112.44703250086815,48.0,45.24488987649288
chain,2,1.0,0.875,115.53357204607738,49.0,47.03096372028429
chain,3,1.0,0.875,115.36086052767307,49.0,47.03096372028429
chain,4,1.0,0.875,112.46822179993808,48.0,45.24488987649288
